Fund Name,P1,P2,P3,P4,P5,Topsis Score,Rank
M1,0.702154874919977,0.6888011751031856,1.2643009820821023,0.96761725092455,12.59,0.3136361296609309,6
M2,0.7606677811633084,0.8052182751206254,1.3209114738171217,0.7285859110286991,10.11,0.2750426383546445,8
M3,0.6603599418890259,0.6014883500901058,0.905767867760312,1.0733426512630992,13.23,0.5268506705445103,3
M4,0.6520009552828357,0.5917869250886524,1.2076904903470829,0.9745123857292379,12.55,0.3064718486720309,7
M5,0.785744740981879,0.8537254001278921,0.6793259008202341,1.4295912828386463,16.91,0.8146157051195647,1
M6,0.7355908213447377,0.7470097251119056,1.2265606542587562,1.1836648081381074,14.91,0.4584630634051543,5
M7,0.5516931160085533,0.42686270006394605,1.000118687318678,1.1239069731641447,13.83,0.4684639420355192,4
M8,0.7773857543756888,0.8343225501249855,0.6415855729968877,0.8503999592448539,10.55,0.5630856788383062,2
