Fund Name,P1,P2,P3,P4,P5,Topsis Score,Rank
M1,0.3510774374599885,0.3444005875515928,0.4214336606940341,0.3225390836415167,12.59,0.6376042904263652,3
M2,0.3803338905816542,0.4026091375603127,0.4403038246057073,0.2428619703428997,10.11,0.6437594081392743,2
M3,0.33017997094451296,0.3007441750450529,0.30192262258677066,0.35778088375436645,13.23,0.4905565342397434,6
M4,0.3260004776414179,0.2958934625443262,0.402563496782361,0.324837461909746,12.55,0.6675534848162682,1
M5,0.3928723704909395,0.42686270006394605,0.22644196694007804,0.4765304276128821,16.91,0.23556188607806125,8
M6,0.36779541067236887,0.3735048625559528,0.40885355141958535,0.3945549360460358,14.91,0.5136304660668005,5
M7,0.27584655800427665,0.21343135003197303,0.33337289577289264,0.3746356577213816,13.83,0.5624542757853741,4
M8,0.3886928771878444,0.41716127506249273,0.21386185766562923,0.28346665308161795,10.55,0.42140845024505064,7
